block_number,from_address,to_address,amount
30,0xacc8dECDFDCbed202B8632947c60487494F5D2c7,0xbb7B8287f3F0a933474a79eAe42CBCa977791171,5221
31,0x2F85B3bF062769b2A2672200aFb21e3F4067a86d,0xbb7B8287f3F0a933474a79eAe42CBCa977791171,2201
32,0x28921e4e2C9d84F4c0f0C0cEb991f45751a0fe93,0x48CD680bb700F6b7DE89Dd9FF4932CcC158c3e05,7958
33,0xd7E30ae310C1D1800F5B641Baa7af95b2e1FD98C,0xbb7B8287f3F0a933474a79eAe42CBCa977791171,8631
34,0xbb7B8287f3F0a933474a79eAe42CBCa977791171,0xbb7B8287f3F0a933474a79eAe42CBCa977791171,5019
35,0xbb7B8287f3F0a933474a79eAe42CBCa977791171,0xbb7B8287f3F0a933474a79eAe42CBCa977791171,7844
36,0xbb7B8287f3F0a933474a79eAe42CBCa977791171,0xd7E30ae310C1D1800F5B641Baa7af95b2e1FD98C,1421
37,0xbb7B8287f3F0a933474a79eAe42CBCa977791171,0xd7E30ae310C1D1800F5B641Baa7af95b2e1FD98C,3385
38,0xd7E30ae310C1D1800F5B641Baa7af95b2e1FD98C,0xbb7B8287f3F0a933474a79eAe42CBCa977791171,3814
39,0xbb7B8287f3F0a933474a79eAe42CBCa977791171,0xbb7B8287f3F0a933474a79eAe42CBCa977791171,702
40,0xbb7B8287f3F0a933474a79eAe42CBCa977791171,0xd7E30ae310C1D1800F5B641Baa7af95b2e1FD98C,7996
41,0xbb7B8287f3F0a933474a79eAe42CBCa977791171,0xbb7B8287f3F0a933474a79eAe42CBCa977791171,6756
42,0xd7E30ae310C1D1800F5B641Baa7af95b2e1FD98C,0xbb7B8287f3F0a933474a79eAe42CBCa977791171,3853
43,0xbb7B8287f3F0a933474a79eAe42CBCa977791171,0xbb7B8287f3F0a933474a79eAe42CBCa977791171,1566
44,0xbb7B8287f3F0a933474a79eAe42CBCa977791171,0x48CD680bb700F6b7DE89Dd9FF4932CcC158c3e05,8983
45,0x28921e4e2C9d84F4c0f0C0cEb991f45751a0fe93,0xd7E30ae310C1D1800F5B641Baa7af95b2e1FD98C,9518
46,0x48CD680bb700F6b7DE89Dd9FF4932CcC158c3e05,0x1B7047b4338ACf65bE94C1A3e8c5c9338ad7d67C,6743
47,0x10C3eedde6fBda160041f479fCaf26bb38316fCd,0xbb7B8287f3F0a933474a79eAe42CBCa977791171,2689
48,0x5088D623ba0fcf0131E0897a91734A4D83596AA0,0x0000000000000000000000000000000000000000,5849
49,0x1B7047b4338ACf65bE94C1A3e8c5c9338ad7d67C,0x5088D623ba0fcf0131E0897a91734A4D83596AA0,7112
50,0xbb7B8287f3F0a933474a79eAe42CBCa977791171,0x0000000000000000000000000000000000000000,8257
51,0x05a56E2D52c817161883f50c441c3228CFe54d9f,0xbb7B8287f3F0a933474a79eAe42CBCa977791171,8795
52,0xd7E30ae310C1D1800F5B641Baa7af95b2e1FD98C,0x0000000000000000000000000000000000000000,1750
53,0xbb7B8287f3F0a933474a79eAe42CBCa977791171,0x28921e4e2C9d84F4c0f0C0cEb991f45751a0fe93,474
54,0x48CD680bb700F6b7DE89Dd9FF4932CcC158c3e05,0xd7E30ae310C1D1800F5B641Baa7af95b2e1FD98C,720
55,0xd7E30ae310C1D1800F5B641Baa7af95b2e1FD98C,0x48CD680bb700F6b7DE89Dd9FF4932CcC158c3e05,250
56,0xbb7B8287f3F0a933474a79eAe42CBCa977791171,0xbb7B8287f3F0a933474a79eAe42CBCa977791171,4037
57,0xbb7B8287f3F0a933474a79eAe42CBCa977791171,0xc8ebccC5F5689Fa8659d83713341e5aD19349448,513
58,0xbb7B8287f3F0a933474a79eAe42CBCa977791171,0xbb7B8287f3F0a933474a79eAe42CBCa977791171,3063
59,0x48CD680bb700F6b7DE89Dd9FF4932CcC158c3e05,0xbb7B8287f3F0a933474a79eAe42CBCa977791171,8843
60,0x48CD680bb700F6b7DE89Dd9FF4932CcC158c3e05,0xbb7B8287f3F0a933474a79eAe42CBCa977791171,2438
61,0x5088D623ba0fcf0131E0897a91734A4D83596AA0,0x0193d941b50d91BE6567c7eE1C0Fe7AF498b4137,5102
62,0x0193d941b50d91BE6567c7eE1C0Fe7AF498b4137,0xbb7B8287f3F0a933474a79eAe42CBCa977791171,1940
63,0xbb7B8287f3F0a933474a79eAe42CBCa977791171,0x05a56E2D52c817161883f50c441c3228CFe54d9f,4803
64,0x10C3eedde6fBda160041f479fCaf26bb38316fCd,0x0193d941b50d91BE6567c7eE1C0Fe7AF498b4137,8763
65,0x05a56E2D52c817161883f50c441c3228CFe54d9f,0xbb7B8287f3F0a933474a79eAe42CBCa977791171,1607
66,0xc8ebccC5F5689Fa8659d83713341e5aD19349448,0xbb7B8287f3F0a933474a79eAe42CBCa977791171,1709
67,0xbb7B8287f3F0a933474a79eAe42CBCa977791171,0xbb7B8287f3F0a933474a79eAe42CBCa977791171,2824
68,0xbb7B8287f3F0a933474a79eAe42CBCa977791171,0xbb7B8287f3F0a933474a79eAe42CBCa977791171,5701
69,0xbb7B8287f3F0a933474a79eAe42CBCa977791171,0x05a56E2D52c817161883f50c441c3228CFe54d9f,7955
70,0xbb7B8287f3F0a933474a79eAe42CBCa977791171,0x10C3eedde6fBda160041f479fCaf26bb38316fCd,61
71,0xbb7B8287f3F0a933474a79eAe42CBCa977791171,0xbb7B8287f3F0a933474a79eAe42CBCa977791171,3979
72,0xacc8dECDFDCbed202B8632947c60487494F5D2c7,0xbb7B8287f3F0a933474a79eAe42CBCa977791171,4008
73,0x20c6Efe179C293690A5B3375F5bd81c2f07Ed037,0xbb7B8287f3F0a933474a79eAe42CBCa977791171,7310
74,0x10C3eedde6fBda160041f479fCaf26bb38316fCd,0xbb7B8287f3F0a933474a79eAe42CBCa977791171,6980
75,0xdd2F1e6e498202e86D8f5442Af596580A4f03c2C,0xd7E30ae310C1D1800F5B641Baa7af95b2e1FD98C,6284
76,0xacc8dECDFDCbed202B8632947c60487494F5D2c7,0x2F85B3bF062769b2A2672200aFb21e3F4067a86d,4474
77,0xdd2F1e6e498202e86D8f5442Af596580A4f03c2C,0xbb7B8287f3F0a933474a79eAe42CBCa977791171,3272
78,0xacc8dECDFDCbed202B8632947c60487494F5D2c7,0xbb7B8287f3F0a933474a79eAe42CBCa977791171,4104
79,0xbb7B8287f3F0a933474a79eAe42CBCa977791171,0xbb7B8287f3F0a933474a79eAe42CBCa977791171,3275
80,0x1B7047b4338ACf65bE94C1A3e8c5c9338ad7d67C,0xbb7B8287f3F0a933474a79eAe42CBCa977791171,1824
81,0xbb7B8287f3F0a933474a79eAe42CBCa977791171,0xbb7B8287f3F0a933474a79eAe42CBCa977791171,7328
82,0xbb7B8287f3F0a933474a79eAe42CBCa977791171,0xacc8dECDFDCbed202B8632947c60487494F5D2c7,8710
83,0x0000000000000000000000000000000000000000,0xdd2F1e6e498202e86D8f5442Af596580A4f03c2C,5417
84,0x1B7047b4338ACf65bE94C1A3e8c5c9338ad7d67C,0xbb7B8287f3F0a933474a79eAe42CBCa977791171,8644
85,0xd7E30ae310C1D1800F5B641Baa7af95b2e1FD98C,0xd7E30ae310C1D1800F5B641Baa7af95b2e1FD98C,9369
86,0xd7E30ae310C1D1800F5B641Baa7af95b2e1FD98C,0xbb7B8287f3F0a933474a79eAe42CBCa977791171,5401
87,0xbb7B8287f3F0a933474a79eAe42CBCa977791171,0xbb7B8287f3F0a933474a79eAe42CBCa977791171,883
88,0x10C3eedde6fBda160041f479fCaf26bb38316fCd,0x1B7047b4338ACf65bE94C1A3e8c5c9338ad7d67C,632
89,0xbb7B8287f3F0a933474a79eAe42CBCa977791171,0x0193d941b50d91BE6567c7eE1C0Fe7AF498b4137,3287
90,0xbb7B8287f3F0a933474a79eAe42CBCa977791171,0xd7E30ae310C1D1800F5B641Baa7af95b2e1FD98C,2052
91,0xbb7B8287f3F0a933474a79eAe42CBCa977791171,0xbb7B8287f3F0a933474a79eAe42CBCa977791171,4281
92,0x28921e4e2C9d84F4c0f0C0cEb991f45751a0fe93,0x0193d941b50d91BE6567c7eE1C0Fe7AF498b4137,9442
93,0x20c6Efe179C293690A5B3375F5bd81c2f07Ed037,0x0193d941b50d91BE6567c7eE1C0Fe7AF498b4137,7403
94,0xbb7B8287f3F0a933474a79eAe42CBCa977791171,0xbb7B8287f3F0a933474a79eAe42CBCa977791171,9913
95,0x28921e4e2C9d84F4c0f0C0cEb991f45751a0fe93,0x5088D623ba0fcf0131E0897a91734A4D83596AA0,209
96,0x0193d941b50d91BE6567c7eE1C0Fe7AF498b4137,0x10C3eedde6fBda160041f479fCaf26bb38316fCd,7860
97,0xbb7B8287f3F0a933474a79eAe42CBCa977791171,0xbb7B8287f3F0a933474a79eAe42CBCa977791171,2373
98,0x1B7047b4338ACf65bE94C1A3e8c5c9338ad7d67C,0xbb7B8287f3F0a933474a79eAe42CBCa977791171,7504
99,0xbb7B8287f3F0a933474a79eAe42CBCa977791171,0xbb7B8287f3F0a933474a79eAe42CBCa977791171,9570
100,0xbb7B8287f3F0a933474a79eAe42CBCa977791171,0x1B7047b4338ACf65bE94C1A3e8c5c9338ad7d67C,778
101,0x5088D623ba0fcf0131E0897a91734A4D83596AA0,0xbb7B8287f3F0a933474a79eAe42CBCa977791171,7122
102,0xc8ebccC5F5689Fa8659d83713341e5aD19349448,0xbb7B8287f3F0a933474a79eAe42CBCa977791171,7903
103,0xc8ebccC5F5689Fa8659d83713341e5aD19349448,0x28921e4e2C9d84F4c0f0C0cEb991f45751a0fe93,9293
104,0x0193d941b50d91BE6567c7eE1C0Fe7AF498b4137,0x20c6Efe179C293690A5B3375F5bd81c2f07Ed037,8404
105,0x0193d941b50d91BE6567c7eE1C0Fe7AF498b4137,0xd7E30ae310C1D1800F5B641Baa7af95b2e1FD98C,7178
106,0xbb7B8287f3F0a933474a79eAe42CBCa977791171,0x20c6Efe179C293690A5B3375F5bd81c2f07Ed037,8698
107,0xbb7B8287f3F0a933474a79eAe42CBCa977791171,0x28921e4e2C9d84F4c0f0C0cEb991f45751a0fe93,1120
108,0xbb7B8287f3F0a933474a79eAe42CBCa977791171,0x20c6Efe179C293690A5B3375F5bd81c2f07Ed037,6082
109,0xbb7B8287f3F0a933474a79eAe42CBCa977791171,0x5088D623ba0fcf0131E0897a91734A4D83596AA0,2756
110,0xd7E30ae310C1D1800F5B641Baa7af95b2e1FD98C,0xbb7B8287f3F0a933474a79eAe42CBCa977791171,4563
111,0xbb7B8287f3F0a933474a79eAe42CBCa977791171,0x1B7047b4338ACf65bE94C1A3e8c5c9338ad7d67C,1807
112,0xbb7B8287f3F0a933474a79eAe42CBCa977791171,0x0193d941b50d91BE6567c7eE1C0Fe7AF498b4137,289
113,0x20c6Efe179C293690A5B3375F5bd81c2f07Ed037,0x28921e4e2C9d84F4c0f0C0cEb991f45751a0fe93,5066
114,0x10C3eedde6fBda160041f479fCaf26bb38316fCd,0xbb7B8287f3F0a933474a79eAe42CBCa977791171,1611
115,0xbb7B8287f3F0a933474a79eAe42CBCa977791171,0xbb7B8287f3F0a933474a79eAe42CBCa977791171,6914
116,0xdd2F1e6e498202e86D8f5442Af596580A4f03c2C,0x0000000000000000000000000000000000000000,4437
117,0x20c6Efe179C293690A5B3375F5bd81c2f07Ed037,0xbb7B8287f3F0a933474a79eAe42CBCa977791171,8122
118,0x5088D623ba0fcf0131E0897a91734A4D83596AA0,0xdd2F1e6e498202e86D8f5442Af596580A4f03c2C,6893
119,0xbb7B8287f3F0a933474a79eAe42CBCa977791171,0x28921e4e2C9d84F4c0f0C0cEb991f45751a0fe93,1544
120,0xacc8dECDFDCbed202B8632947c60487494F5D2c7,0xacc8dECDFDCbed202B8632947c60487494F5D2c7,8589
121,0xbb7B8287f3F0a933474a79eAe42CBCa977791171,0x5088D623ba0fcf0131E0897a91734A4D83596AA0,354
122,0xbb7B8287f3F0a933474a79eAe42CBCa977791171,0xbb7B8287f3F0a933474a79eAe42CBCa977791171,2682
123,0xc8ebccC5F5689Fa8659d83713341e5aD19349448,0x28921e4e2C9d84F4c0f0C0cEb991f45751a0fe93,4653
124,0x48CD680bb700F6b7DE89Dd9FF4932CcC158c3e05,0xacc8dECDFDCbed202B8632947c60487494F5D2c7,5407
125,0xbb7B8287f3F0a933474a79eAe42CBCa977791171,0xbb7B8287f3F0a933474a79eAe42CBCa977791171,8663
126,0x20c6Efe179C293690A5B3375F5bd81c2f07Ed037,0x48CD680bb700F6b7DE89Dd9FF4932CcC158c3e05,6426
127,0x1B7047b4338ACf65bE94C1A3e8c5c9338ad7d67C,0x28921e4e2C9d84F4c0f0C0cEb991f45751a0fe93,9271
128,0xc8ebccC5F5689Fa8659d83713341e5aD19349448,0xc8ebccC5F5689Fa8659d83713341e5aD19349448,800
129,0xd7E30ae310C1D1800F5B641Baa7af95b2e1FD98C,0xbb7B8287f3F0a933474a79eAe42CBCa977791171,6372
130,0xbb7B8287f3F0a933474a79eAe42CBCa977791171,0xbb7B8287f3F0a933474a79eAe42CBCa977791171,1431
131,0xbb7B8287f3F0a933474a79eAe42CBCa977791171,0xbb7B8287f3F0a933474a79eAe42CBCa977791171,7368
132,0x28921e4e2C9d84F4c0f0C0cEb991f45751a0fe93,0x5088D623ba0fcf0131E0897a91734A4D83596AA0,1716
133,0xd7E30ae310C1D1800F5B641Baa7af95b2e1FD98C,0xbb7B8287f3F0a933474a79eAe42CBCa977791171,2747
134,0x28921e4e2C9d84F4c0f0C0cEb991f45751a0fe93,0xbb7B8287f3F0a933474a79eAe42CBCa977791171,1640
135,0xbb7B8287f3F0a933474a79eAe42CBCa977791171,0xbb7B8287f3F0a933474a79eAe42CBCa977791171,4331
136,0x20c6Efe179C293690A5B3375F5bd81c2f07Ed037,0x48CD680bb700F6b7DE89Dd9FF4932CcC158c3e05,5700
137,0xc8ebccC5F5689Fa8659d83713341e5aD19349448,0xbb7B8287f3F0a933474a79eAe42CBCa977791171,6220
138,0xbb7B8287f3F0a933474a79eAe42CBCa977791171,0xd7E30ae310C1D1800F5B641Baa7af95b2e1FD98C,1866
139,0xbb7B8287f3F0a933474a79eAe42CBCa977791171,0xbb7B8287f3F0a933474a79eAe42CBCa977791171,4225
140,0xd7E30ae310C1D1800F5B641Baa7af95b2e1FD98C,0x28921e4e2C9d84F4c0f0C0cEb991f45751a0fe93,3781
141,0xd7E30ae310C1D1800F5B641Baa7af95b2e1FD98C,0xc8ebccC5F5689Fa8659d83713341e5aD19349448,4616
142,0xbb7B8287f3F0a933474a79eAe42CBCa977791171,0xd7E30ae310C1D1800F5B641Baa7af95b2e1FD98C,4404
143,0x05a56E2D52c817161883f50c441c3228CFe54d9f,0xbb7B8287f3F0a933474a79eAe42CBCa977791171,3366
144,0x0193d941b50d91BE6567c7eE1C0Fe7AF498b4137,0xd7E30ae310C1D1800F5B641Baa7af95b2e1FD98C,7307
145,0xbb7B8287f3F0a933474a79eAe42CBCa977791171,0xbb7B8287f3F0a933474a79eAe42CBCa977791171,3384
146,0xd7E30ae310C1D1800F5B641Baa7af95b2e1FD98C,0xbb7B8287f3F0a933474a79eAe42CBCa977791171,6574
147,0xbb7B8287f3F0a933474a79eAe42CBCa977791171,0x28921e4e2C9d84F4c0f0C0cEb991f45751a0fe93,8830
148,0x28921e4e2C9d84F4c0f0C0cEb991f45751a0fe93,0xbb7B8287f3F0a933474a79eAe42CBCa977791171,7118
149,0xbb7B8287f3F0a933474a79eAe42CBCa977791171,0x28921e4e2C9d84F4c0f0C0cEb991f45751a0fe93,9993
150,0x48CD680bb700F6b7DE89Dd9FF4932CcC158c3e05,0xbb7B8287f3F0a933474a79eAe42CBCa977791171,1256
151,0x0000000000000000000000000000000000000000,0xbb7B8287f3F0a933474a79eAe42CBCa977791171,2551
152,0x28921e4e2C9d84F4c0f0C0cEb991f45751a0fe93,0x2F85B3bF062769b2A2672200aFb21e3F4067a86d,644
153,0xbb7B8287f3F0a933474a79eAe42CBCa977791171,0xacc8dECDFDCbed202B8632947c60487494F5D2c7,6647
154,0x05a56E2D52c817161883f50c441c3228CFe54d9f,0x5088D623ba0fcf0131E0897a91734A4D83596AA0,7888
155,0xbb7B8287f3F0a933474a79eAe42CBCa977791171,0xbb7B8287f3F0a933474a79eAe42CBCa977791171,6641
156,0x0000000000000000000000000000000000000000,0xbb7B8287f3F0a933474a79eAe42CBCa977791171,8621
157,0x28921e4e2C9d84F4c0f0C0cEb991f45751a0fe93,0xbb7B8287f3F0a933474a79eAe42CBCa977791171,8010
158,0xacc8dECDFDCbed202B8632947c60487494F5D2c7,0xd7E30ae310C1D1800F5B641Baa7af95b2e1FD98C,48
159,0x0193d941b50d91BE6567c7eE1C0Fe7AF498b4137,0xbb7B8287f3F0a933474a79eAe42CBCa977791171,582
160,0x1B7047b4338ACf65bE94C1A3e8c5c9338ad7d67C,0xbb7B8287f3F0a933474a79eAe42CBCa977791171,4761
161,0xd7E30ae310C1D1800F5B641Baa7af95b2e1FD98C,0xd7E30ae310C1D1800F5B641Baa7af95b2e1FD98C,5731
162,0x20c6Efe179C293690A5B3375F5bd81c2f07Ed037,0xd7E30ae310C1D1800F5B641Baa7af95b2e1FD98C,3031
163,0x20c6Efe179C293690A5B3375F5bd81c2f07Ed037,0xbb7B8287f3F0a933474a79eAe42CBCa977791171,9595
164,0xbb7B8287f3F0a933474a79eAe42CBCa977791171,0xbb7B8287f3F0a933474a79eAe42CBCa977791171,9325
165,0x0000000000000000000000000000000000000000,0xc8ebccC5F5689Fa8659d83713341e5aD19349448,2124
166,0x5088D623ba0fcf0131E0897a91734A4D83596AA0,0x10C3eedde6fBda160041f479fCaf26bb38316fCd,4303
167,0x0193d941b50d91BE6567c7eE1C0Fe7AF498b4137,0x5088D623ba0fcf0131E0897a91734A4D83596AA0,4795
168,0x0000000000000000000000000000000000000000,0xd7E30ae310C1D1800F5B641Baa7af95b2e1FD98C,2508
169,0xd7E30ae310C1D1800F5B641Baa7af95b2e1FD98C,0xbb7B8287f3F0a933474a79eAe42CBCa977791171,4266
170,0x1B7047b4338ACf65bE94C1A3e8c5c9338ad7d67C,0xbb7B8287f3F0a933474a79eAe42CBCa977791171,5322
171,0x0193d941b50d91BE6567c7eE1C0Fe7AF498b4137,0xbb7B8287f3F0a933474a79eAe42CBCa977791171,2047
172,0xbb7B8287f3F0a933474a79eAe42CBCa977791171,0x48CD680bb700F6b7DE89Dd9FF4932CcC158c3e05,2722
173,0xbb7B8287f3F0a933474a79eAe42CBCa977791171,0xbb7B8287f3F0a933474a79eAe42CBCa977791171,5354
174,0xbb7B8287f3F0a933474a79eAe42CBCa977791171,0xbb7B8287f3F0a933474a79eAe42CBCa977791171,6829
175,0xbb7B8287f3F0a933474a79eAe42CBCa977791171,0xd7E30ae310C1D1800F5B641Baa7af95b2e1FD98C,3684
176,0x10C3eedde6fBda160041f479fCaf26bb38316fCd,0x10C3eedde6fBda160041f479fCaf26bb38316fCd,8956
177,0xbb7B8287f3F0a933474a79eAe42CBCa977791171,0x0193d941b50d91BE6567c7eE1C0Fe7AF498b4137,4328
178,0xd7E30ae310C1D1800F5B641Baa7af95b2e1FD98C,0xbb7B8287f3F0a933474a79eAe42CBCa977791171,6338
179,0xacc8dECDFDCbed202B8632947c60487494F5D2c7,0xbb7B8287f3F0a933474a79eAe42CBCa977791171,4093
180,0x1B7047b4338ACf65bE94C1A3e8c5c9338ad7d67C,0x1B7047b4338ACf65bE94C1A3e8c5c9338ad7d67C,6611
181,0xbb7B8287f3F0a933474a79eAe42CBCa977791171,0x5088D623ba0fcf0131E0897a91734A4D83596AA0,3153
182,0xd7E30ae310C1D1800F5B641Baa7af95b2e1FD98C,0x0193d941b50d91BE6567c7eE1C0Fe7AF498b4137,277
183,0x0193d941b50d91BE6567c7eE1C0Fe7AF498b4137,0xbb7B8287f3F0a933474a79eAe42CBCa977791171,6093
184,0xbb7B8287f3F0a933474a79eAe42CBCa977791171,0xbb7B8287f3F0a933474a79eAe42CBCa977791171,7499
185,0xbb7B8287f3F0a933474a79eAe42CBCa977791171,0x0000000000000000000000000000000000000000,1349
186,0xbb7B8287f3F0a933474a79eAe42CBCa977791171,0x10C3eedde6fBda160041f479fCaf26bb38316fCd,645
187,0x1B7047b4338ACf65bE94C1A3e8c5c9338ad7d67C,0x0193d941b50d91BE6567c7eE1C0Fe7AF498b4137,7581
188,0x2F85B3bF062769b2A2672200aFb21e3F4067a86d,0xbb7B8287f3F0a933474a79eAe42CBCa977791171,766
189,0x28921e4e2C9d84F4c0f0C0cEb991f45751a0fe93,0xbb7B8287f3F0a933474a79eAe42CBCa977791171,5698
190,0xbb7B8287f3F0a933474a79eAe42CBCa977791171,0xd7E30ae310C1D1800F5B641Baa7af95b2e1FD98C,6221
191,0xbb7B8287f3F0a933474a79eAe42CBCa977791171,0xd7E30ae310C1D1800F5B641Baa7af95b2e1FD98C,4652
192,0xdd2F1e6e498202e86D8f5442Af596580A4f03c2C,0x2F85B3bF062769b2A2672200aFb21e3F4067a86d,8006
193,0xacc8dECDFDCbed202B8632947c60487494F5D2c7,0xbb7B8287f3F0a933474a79eAe42CBCa977791171,6037
194,0x48CD680bb700F6b7DE89Dd9FF4932CcC158c3e05,0xbb7B8287f3F0a933474a79eAe42CBCa977791171,6117
195,0x1B7047b4338ACf65bE94C1A3e8c5c9338ad7d67C,0x2F85B3bF062769b2A2672200aFb21e3F4067a86d,2966
196,0x48CD680bb700F6b7DE89Dd9FF4932CcC158c3e05,0xd7E30ae310C1D1800F5B641Baa7af95b2e1FD98C,9807
197,0xbb7B8287f3F0a933474a79eAe42CBCa977791171,0x48CD680bb700F6b7DE89Dd9FF4932CcC158c3e05,2863
198,0xbb7B8287f3F0a933474a79eAe42CBCa977791171,0xacc8dECDFDCbed202B8632947c60487494F5D2c7,2639
199,0x1B7047b4338ACf65bE94C1A3e8c5c9338ad7d67C,0xbb7B8287f3F0a933474a79eAe42CBCa977791171,6285
200,0xbb7B8287f3F0a933474a79eAe42CBCa977791171,0xbb7B8287f3F0a933474a79eAe42CBCa977791171,282
201,0xdd2F1e6e498202e86D8f5442Af596580A4f03c2C,0xbb7B8287f3F0a933474a79eAe42CBCa977791171,9004
202,0xd7E30ae310C1D1800F5B641Baa7af95b2e1FD98C,0xbb7B8287f3F0a933474a79eAe42CBCa977791171,6646
203,0xbb7B8287f3F0a933474a79eAe42CBCa977791171,0xbb7B8287f3F0a933474a79eAe42CBCa977791171,8239
204,0xbb7B8287f3F0a933474a79eAe42CBCa977791171,0x0000000000000000000000000000000000000000,9459
205,0xd7E30ae310C1D1800F5B641Baa7af95b2e1FD98C,0xbb7B8287f3F0a933474a79eAe42CBCa977791171,468
206,0xc8ebccC5F5689Fa8659d83713341e5aD19349448,0x0193d941b50d91BE6567c7eE1C0Fe7AF498b4137,1377
207,0x48CD680bb700F6b7DE89Dd9FF4932CcC158c3e05,0xbb7B8287f3F0a933474a79eAe42CBCa977791171,9204
208,0x5088D623ba0fcf0131E0897a91734A4D83596AA0,0x10C3eedde6fBda160041f479fCaf26bb38316fCd,829
209,0x20c6Efe179C293690A5B3375F5bd81c2f07Ed037,0xdd2F1e6e498202e86D8f5442Af596580A4f03c2C,5961
210,0xdd2F1e6e498202e86D8f5442Af596580A4f03c2C,0x48CD680bb700F6b7DE89Dd9FF4932CcC158c3e05,3869
211,0xacc8dECDFDCbed202B8632947c60487494F5D2c7,0xbb7B8287f3F0a933474a79eAe42CBCa977791171,2197
212,0xc8ebccC5F5689Fa8659d83713341e5aD19349448,0xbb7B8287f3F0a933474a79eAe42CBCa977791171,3270
213,0xbb7B8287f3F0a933474a79eAe42CBCa977791171,0xbb7B8287f3F0a933474a79eAe42CBCa977791171,6711
214,0xbb7B8287f3F0a933474a79eAe42CBCa977791171,0xbb7B8287f3F0a933474a79eAe42CBCa977791171,4414
215,0xbb7B8287f3F0a933474a79eAe42CBCa977791171,0x2F85B3bF062769b2A2672200aFb21e3F4067a86d,7965
216,0xd7E30ae310C1D1800F5B641Baa7af95b2e1FD98C,0xbb7B8287f3F0a933474a79eAe42CBCa977791171,7374
217,0x28921e4e2C9d84F4c0f0C0cEb991f45751a0fe93,0x20c6Efe179C293690A5B3375F5bd81c2f07Ed037,989
218,0xc8ebccC5F5689Fa8659d83713341e5aD19349448,0x5088D623ba0fcf0131E0897a91734A4D83596AA0,5386
219,0xc8ebccC5F5689Fa8659d83713341e5aD19349448,0x10C3eedde6fBda160041f479fCaf26bb38316fCd,2989
220,0xbb7B8287f3F0a933474a79eAe42CBCa977791171,0xd7E30ae310C1D1800F5B641Baa7af95b2e1FD98C,4806
221,0x28921e4e2C9d84F4c0f0C0cEb991f45751a0fe93,0xbb7B8287f3F0a933474a79eAe42CBCa977791171,6774
222,0xacc8dECDFDCbed202B8632947c60487494F5D2c7,0x10C3eedde6fBda160041f479fCaf26bb38316fCd,3577
223,0x0193d941b50d91BE6567c7eE1C0Fe7AF498b4137,0xbb7B8287f3F0a933474a79eAe42CBCa977791171,832
224,0xdd2F1e6e498202e86D8f5442Af596580A4f03c2C,0xbb7B8287f3F0a933474a79eAe42CBCa977791171,3272
225,0xbb7B8287f3F0a933474a79eAe42CBCa977791171,0xbb7B8287f3F0a933474a79eAe42CBCa977791171,1558
226,0xbb7B8287f3F0a933474a79eAe42CBCa977791171,0xd7E30ae310C1D1800F5B641Baa7af95b2e1FD98C,9890
227,0x0193d941b50d91BE6567c7eE1C0Fe7AF498b4137,0x0000000000000000000000000000000000000000,4590
228,0xbb7B8287f3F0a933474a79eAe42CBCa977791171,0xbb7B8287f3F0a933474a79eAe42CBCa977791171,873
229,0x1B7047b4338ACf65bE94C1A3e8c5c9338ad7d67C,0xbb7B8287f3F0a933474a79eAe42CBCa977791171,147
230,0xbb7B8287f3F0a933474a79eAe42CBCa977791171,0x05a56E2D52c817161883f50c441c3228CFe54d9f,7147
231,0xbb7B8287f3F0a933474a79eAe42CBCa977791171,0x05a56E2D52c817161883f50c441c3228CFe54d9f,3948
232,0xdd2F1e6e498202e86D8f5442Af596580A4f03c2C,0x0193d941b50d91BE6567c7eE1C0Fe7AF498b4137,3315
233,0xbb7B8287f3F0a933474a79eAe42CBCa977791171,0xdd2F1e6e498202e86D8f5442Af596580A4f03c2C,950
234,0xd7E30ae310C1D1800F5B641Baa7af95b2e1FD98C,0xbb7B8287f3F0a933474a79eAe42CBCa977791171,3965
235,0x5088D623ba0fcf0131E0897a91734A4D83596AA0,0x0193d941b50d91BE6567c7eE1C0Fe7AF498b4137,9789
236,0x05a56E2D52c817161883f50c441c3228CFe54d9f,0x28921e4e2C9d84F4c0f0C0cEb991f45751a0fe93,105
237,0xbb7B8287f3F0a933474a79eAe42CBCa977791171,0xd7E30ae310C1D1800F5B641Baa7af95b2e1FD98C,1152
238,0xd7E30ae310C1D1800F5B641Baa7af95b2e1FD98C,0xdd2F1e6e498202e86D8f5442Af596580A4f03c2C,9636
239,0x48CD680bb700F6b7DE89Dd9FF4932CcC158c3e05,0xbb7B8287f3F0a933474a79eAe42CBCa977791171,4963
240,0x5088D623ba0fcf0131E0897a91734A4D83596AA0,0x10C3eedde6fBda160041f479fCaf26bb38316fCd,5498
241,0xbb7B8287f3F0a933474a79eAe42CBCa977791171,0xbb7B8287f3F0a933474a79eAe42CBCa977791171,2351
242,0x5088D623ba0fcf0131E0897a91734A4D83596AA0,0xbb7B8287f3F0a933474a79eAe42CBCa977791171,4737
243,0x28921e4e2C9d84F4c0f0C0cEb991f45751a0fe93,0xacc8dECDFDCbed202B8632947c60487494F5D2c7,2604
244,0xbb7B8287f3F0a933474a79eAe42CBCa977791171,0xd7E30ae310C1D1800F5B641Baa7af95b2e1FD98C,4716
245,0x0193d941b50d91BE6567c7eE1C0Fe7AF498b4137,0x05a56E2D52c817161883f50c441c3228CFe54d9f,1370
246,0xbb7B8287f3F0a933474a79eAe42CBCa977791171,0xd7E30ae310C1D1800F5B641Baa7af95b2e1FD98C,1608
247,0x0193d941b50d91BE6567c7eE1C0Fe7AF498b4137,0xacc8dECDFDCbed202B8632947c60487494F5D2c7,1454
248,0x2F85B3bF062769b2A2672200aFb21e3F4067a86d,0x0193d941b50d91BE6567c7eE1C0Fe7AF498b4137,6741
249,0xbb7B8287f3F0a933474a79eAe42CBCa977791171,0xbb7B8287f3F0a933474a79eAe42CBCa977791171,4305
250,0xbb7B8287f3F0a933474a79eAe42CBCa977791171,0x0193d941b50d91BE6567c7eE1C0Fe7AF498b4137,4353
251,0x20c6Efe179C293690A5B3375F5bd81c2f07Ed037,0xbb7B8287f3F0a933474a79eAe42CBCa977791171,5837
252,0xbb7B8287f3F0a933474a79eAe42CBCa977791171,0xbb7B8287f3F0a933474a79eAe42CBCa977791171,4691
253,0x28921e4e2C9d84F4c0f0C0cEb991f45751a0fe93,0x05a56E2D52c817161883f50c441c3228CFe54d9f,8828
254,0x10C3eedde6fBda160041f479fCaf26bb38316fCd,0x05a56E2D52c817161883f50c441c3228CFe54d9f,5700
255,0xbb7B8287f3F0a933474a79eAe42CBCa977791171,0x1B7047b4338ACf65bE94C1A3e8c5c9338ad7d67C,8154
256,0xbb7B8287f3F0a933474a79eAe42CBCa977791171,0xbb7B8287f3F0a933474a79eAe42CBCa977791171,40
257,0x0193d941b50d91BE6567c7eE1C0Fe7AF498b4137,0x5088D623ba0fcf0131E0897a91734A4D83596AA0,1322
258,0x48CD680bb700F6b7DE89Dd9FF4932CcC158c3e05,0xd7E30ae310C1D1800F5B641Baa7af95b2e1FD98C,8201
259,0xacc8dECDFDCbed202B8632947c60487494F5D2c7,0x2F85B3bF062769b2A2672200aFb21e3F4067a86d,2839
260,0xd7E30ae310C1D1800F5B641Baa7af95b2e1FD98C,0x20c6Efe179C293690A5B3375F5bd81c2f07Ed037,5543
261,0xbb7B8287f3F0a933474a79eAe42CBCa977791171,0xbb7B8287f3F0a933474a79eAe42CBCa977791171,5298
262,0x48CD680bb700F6b7DE89Dd9FF4932CcC158c3e05,0x28921e4e2C9d84F4c0f0C0cEb991f45751a0fe93,3633
263,0x28921e4e2C9d84F4c0f0C0cEb991f45751a0fe93,0x28921e4e2C9d84F4c0f0C0cEb991f45751a0fe93,7238
264,0x0193d941b50d91BE6567c7eE1C0Fe7AF498b4137,0xd7E30ae310C1D1800F5B641Baa7af95b2e1FD98C,4016
265,0x28921e4e2C9d84F4c0f0C0cEb991f45751a0fe93,0x5088D623ba0fcf0131E0897a91734A4D83596AA0,3177
266,0xd7E30ae310C1D1800F5B641Baa7af95b2e1FD98C,0xbb7B8287f3F0a933474a79eAe42CBCa977791171,1792
267,0x1B7047b4338ACf65bE94C1A3e8c5c9338ad7d67C,0x1B7047b4338ACf65bE94C1A3e8c5c9338ad7d67C,9525
268,0xd7E30ae310C1D1800F5B641Baa7af95b2e1FD98C,0x28921e4e2C9d84F4c0f0C0cEb991f45751a0fe93,8195
269,0x28921e4e2C9d84F4c0f0C0cEb991f45751a0fe93,0xc8ebccC5F5689Fa8659d83713341e5aD19349448,3800
270,0xbb7B8287f3F0a933474a79eAe42CBCa977791171,0xbb7B8287f3F0a933474a79eAe42CBCa977791171,370
271,0x0193d941b50d91BE6567c7eE1C0Fe7AF498b4137,0x0193d941b50d91BE6567c7eE1C0Fe7AF498b4137,9649
272,0xd7E30ae310C1D1800F5B641Baa7af95b2e1FD98C,0x0193d941b50d91BE6567c7eE1C0Fe7AF498b4137,3737
273,0xbb7B8287f3F0a933474a79eAe42CBCa977791171,0xbb7B8287f3F0a933474a79eAe42CBCa977791171,862
274,0x28921e4e2C9d84F4c0f0C0cEb991f45751a0fe93,0x2F85B3bF062769b2A2672200aFb21e3F4067a86d,5714
275,0xbb7B8287f3F0a933474a79eAe42CBCa977791171,0xbb7B8287f3F0a933474a79eAe42CBCa977791171,6300
276,0xbb7B8287f3F0a933474a79eAe42CBCa977791171,0xbb7B8287f3F0a933474a79eAe42CBCa977791171,3062
277,0x10C3eedde6fBda160041f479fCaf26bb38316fCd,0xbb7B8287f3F0a933474a79eAe42CBCa977791171,6143
278,0xbb7B8287f3F0a933474a79eAe42CBCa977791171,0xbb7B8287f3F0a933474a79eAe42CBCa977791171,1990
279,0xacc8dECDFDCbed202B8632947c60487494F5D2c7,0xdd2F1e6e498202e86D8f5442Af596580A4f03c2C,6742
280,0xd7E30ae310C1D1800F5B641Baa7af95b2e1FD98C,0xbb7B8287f3F0a933474a79eAe42CBCa977791171,7857
281,0xdd2F1e6e498202e86D8f5442Af596580A4f03c2C,0x1B7047b4338ACf65bE94C1A3e8c5c9338ad7d67C,7058
282,0xbb7B8287f3F0a933474a79eAe42CBCa977791171,0x20c6Efe179C293690A5B3375F5bd81c2f07Ed037,1929
283,0xbb7B8287f3F0a933474a79eAe42CBCa977791171,0xbb7B8287f3F0a933474a79eAe42CBCa977791171,8810
284,0xbb7B8287f3F0a933474a79eAe42CBCa977791171,0xbb7B8287f3F0a933474a79eAe42CBCa977791171,3708
285,0xbb7B8287f3F0a933474a79eAe42CBCa977791171,0xd7E30ae310C1D1800F5B641Baa7af95b2e1FD98C,5724
286,0xc8ebccC5F5689Fa8659d83713341e5aD19349448,0xbb7B8287f3F0a933474a79eAe42CBCa977791171,5426
287,0x48CD680bb700F6b7DE89Dd9FF4932CcC158c3e05,0xbb7B8287f3F0a933474a79eAe42CBCa977791171,2988
288,0xbb7B8287f3F0a933474a79eAe42CBCa977791171,0x0193d941b50d91BE6567c7eE1C0Fe7AF498b4137,3889
289,0xacc8dECDFDCbed202B8632947c60487494F5D2c7,0x28921e4e2C9d84F4c0f0C0cEb991f45751a0fe93,1033
290,0x5088D623ba0fcf0131E0897a91734A4D83596AA0,0xbb7B8287f3F0a933474a79eAe42CBCa977791171,9653
291,0x28921e4e2C9d84F4c0f0C0cEb991f45751a0fe93,0xbb7B8287f3F0a933474a79eAe42CBCa977791171,5079
292,0x28921e4e2C9d84F4c0f0C0cEb991f45751a0fe93,0xbb7B8287f3F0a933474a79eAe42CBCa977791171,5306
293,0x20c6Efe179C293690A5B3375F5bd81c2f07Ed037,0xbb7B8287f3F0a933474a79eAe42CBCa977791171,9926
294,0x28921e4e2C9d84F4c0f0C0cEb991f45751a0fe93,0x28921e4e2C9d84F4c0f0C0cEb991f45751a0fe93,6120
295,0xbb7B8287f3F0a933474a79eAe42CBCa977791171,0x28921e4e2C9d84F4c0f0C0cEb991f45751a0fe93,6949
296,0xbb7B8287f3F0a933474a79eAe42CBCa977791171,0xbb7B8287f3F0a933474a79eAe42CBCa977791171,90
297,0x20c6Efe179C293690A5B3375F5bd81c2f07Ed037,0x0000000000000000000000000000000000000000,3452
298,0x28921e4e2C9d84F4c0f0C0cEb991f45751a0fe93,0xbb7B8287f3F0a933474a79eAe42CBCa977791171,8433
299,0x1B7047b4338ACf65bE94C1A3e8c5c9338ad7d67C,0x2F85B3bF062769b2A2672200aFb21e3F4067a86d,888
300,0x28921e4e2C9d84F4c0f0C0cEb991f45751a0fe93,0x0000000000000000000000000000000000000000,3743
301,0x5088D623ba0fcf0131E0897a91734A4D83596AA0,0xd7E30ae310C1D1800F5B641Baa7af95b2e1FD98C,4116
302,0xbb7B8287f3F0a933474a79eAe42CBCa977791171,0xbb7B8287f3F0a933474a79eAe42CBCa977791171,2145
303,0xacc8dECDFDCbed202B8632947c60487494F5D2c7,0xbb7B8287f3F0a933474a79eAe42CBCa977791171,7946
304,0x2F85B3bF062769b2A2672200aFb21e3F4067a86d,0xbb7B8287f3F0a933474a79eAe42CBCa977791171,8018
305,0xbb7B8287f3F0a933474a79eAe42CBCa977791171,0x1B7047b4338ACf65bE94C1A3e8c5c9338ad7d67C,1410
306,0x0193d941b50d91BE6567c7eE1C0Fe7AF498b4137,0x28921e4e2C9d84F4c0f0C0cEb991f45751a0fe93,7768
307,0xbb7B8287f3F0a933474a79eAe42CBCa977791171,0x0000000000000000000000000000000000000000,7885
308,0xd7E30ae310C1D1800F5B641Baa7af95b2e1FD98C,0xbb7B8287f3F0a933474a79eAe42CBCa977791171,3664
309,0x28921e4e2C9d84F4c0f0C0cEb991f45751a0fe93,0xbb7B8287f3F0a933474a79eAe42CBCa977791171,4091
310,0xacc8dECDFDCbed202B8632947c60487494F5D2c7,0xdd2F1e6e498202e86D8f5442Af596580A4f03c2C,8353
311,0x0000000000000000000000000000000000000000,0xbb7B8287f3F0a933474a79eAe42CBCa977791171,8637
312,0xd7E30ae310C1D1800F5B641Baa7af95b2e1FD98C,0x28921e4e2C9d84F4c0f0C0cEb991f45751a0fe93,4982
313,0xc8ebccC5F5689Fa8659d83713341e5aD19349448,0x1B7047b4338ACf65bE94C1A3e8c5c9338ad7d67C,1306
314,0x28921e4e2C9d84F4c0f0C0cEb991f45751a0fe93,0xd7E30ae310C1D1800F5B641Baa7af95b2e1FD98C,3059
315,0x10C3eedde6fBda160041f479fCaf26bb38316fCd,0x2F85B3bF062769b2A2672200aFb21e3F4067a86d,6799
316,0xc8ebccC5F5689Fa8659d83713341e5aD19349448,0x2F85B3bF062769b2A2672200aFb21e3F4067a86d,7827
317,0xd7E30ae310C1D1800F5B641Baa7af95b2e1FD98C,0xbb7B8287f3F0a933474a79eAe42CBCa977791171,1995
318,0x2F85B3bF062769b2A2672200aFb21e3F4067a86d,0xc8ebccC5F5689Fa8659d83713341e5aD19349448,3289
319,0xbb7B8287f3F0a933474a79eAe42CBCa977791171,0x28921e4e2C9d84F4c0f0C0cEb991f45751a0fe93,2435
320,0xd7E30ae310C1D1800F5B641Baa7af95b2e1FD98C,0x5088D623ba0fcf0131E0897a91734A4D83596AA0,44
321,0x0193d941b50d91BE6567c7eE1C0Fe7AF498b4137,0xbb7B8287f3F0a933474a79eAe42CBCa977791171,8904
322,0x2F85B3bF062769b2A2672200aFb21e3F4067a86d,0x28921e4e2C9d84F4c0f0C0cEb991f45751a0fe93,3656
323,0xd7E30ae310C1D1800F5B641Baa7af95b2e1FD98C,0x28921e4e2C9d84F4c0f0C0cEb991f45751a0fe93,4154
324,0x48CD680bb700F6b7DE89Dd9FF4932CcC158c3e05,0x48CD680bb700F6b7DE89Dd9FF4932CcC158c3e05,393
325,0x05a56E2D52c817161883f50c441c3228CFe54d9f,0xbb7B8287f3F0a933474a79eAe42CBCa977791171,550
326,0xbb7B8287f3F0a933474a79eAe42CBCa977791171,0x0000000000000000000000000000000000000000,9310
327,0xd7E30ae310C1D1800F5B641Baa7af95b2e1FD98C,0x2F85B3bF062769b2A2672200aFb21e3F4067a86d,7914
328,0x28921e4e2C9d84F4c0f0C0cEb991f45751a0fe93,0x28921e4e2C9d84F4c0f0C0cEb991f45751a0fe93,7684
329,0xbb7B8287f3F0a933474a79eAe42CBCa977791171,0xc8ebccC5F5689Fa8659d83713341e5aD19349448,1553
330,0x28921e4e2C9d84F4c0f0C0cEb991f45751a0fe93,0xbb7B8287f3F0a933474a79eAe42CBCa977791171,3376
331,0xbb7B8287f3F0a933474a79eAe42CBCa977791171,0x28921e4e2C9d84F4c0f0C0cEb991f45751a0fe93,4704
332,0x10C3eedde6fBda160041f479fCaf26bb38316fCd,0xacc8dECDFDCbed202B8632947c60487494F5D2c7,5449
333,0x0193d941b50d91BE6567c7eE1C0Fe7AF498b4137,0xbb7B8287f3F0a933474a79eAe42CBCa977791171,3033
334,0x05a56E2D52c817161883f50c441c3228CFe54d9f,0xbb7B8287f3F0a933474a79eAe42CBCa977791171,7896
335,0xd7E30ae310C1D1800F5B641Baa7af95b2e1FD98C,0xbb7B8287f3F0a933474a79eAe42CBCa977791171,8623
336,0xbb7B8287f3F0a933474a79eAe42CBCa977791171,0xbb7B8287f3F0a933474a79eAe42CBCa977791171,4413
337,0xc8ebccC5F5689Fa8659d83713341e5aD19349448,0xd7E30ae310C1D1800F5B641Baa7af95b2e1FD98C,6097
338,0xbb7B8287f3F0a933474a79eAe42CBCa977791171,0x2F85B3bF062769b2A2672200aFb21e3F4067a86d,8651
339,0x28921e4e2C9d84F4c0f0C0cEb991f45751a0fe93,0xbb7B8287f3F0a933474a79eAe42CBCa977791171,3365
340,0xbb7B8287f3F0a933474a79eAe42CBCa977791171,0xbb7B8287f3F0a933474a79eAe42CBCa977791171,1807
341,0x28921e4e2C9d84F4c0f0C0cEb991f45751a0fe93,0xbb7B8287f3F0a933474a79eAe42CBCa977791171,7786
342,0x48CD680bb700F6b7DE89Dd9FF4932CcC158c3e05,0xbb7B8287f3F0a933474a79eAe42CBCa977791171,6282
343,0xdd2F1e6e498202e86D8f5442Af596580A4f03c2C,0xbb7B8287f3F0a933474a79eAe42CBCa977791171,170
344,0x1B7047b4338ACf65bE94C1A3e8c5c9338ad7d67C,0xd7E30ae310C1D1800F5B641Baa7af95b2e1FD98C,5082
345,0x28921e4e2C9d84F4c0f0C0cEb991f45751a0fe93,0xbb7B8287f3F0a933474a79eAe42CBCa977791171,4823
346,0x28921e4e2C9d84F4c0f0C0cEb991f45751a0fe93,0xbb7B8287f3F0a933474a79eAe42CBCa977791171,3917
347,0xacc8dECDFDCbed202B8632947c60487494F5D2c7,0xbb7B8287f3F0a933474a79eAe42CBCa977791171,2164
348,0x0193d941b50d91BE6567c7eE1C0Fe7AF498b4137,0x28921e4e2C9d84F4c0f0C0cEb991f45751a0fe93,3019
349,0x0193d941b50d91BE6567c7eE1C0Fe7AF498b4137,0xbb7B8287f3F0a933474a79eAe42CBCa977791171,6312
350,0x0193d941b50d91BE6567c7eE1C0Fe7AF498b4137,0xbb7B8287f3F0a933474a79eAe42CBCa977791171,7173
351,0x48CD680bb700F6b7DE89Dd9FF4932CcC158c3e05,0x10C3eedde6fBda160041f479fCaf26bb38316fCd,1499
352,0x20c6Efe179C293690A5B3375F5bd81c2f07Ed037,0xbb7B8287f3F0a933474a79eAe42CBCa977791171,4380
353,0x0193d941b50d91BE6567c7eE1C0Fe7AF498b4137,0xbb7B8287f3F0a933474a79eAe42CBCa977791171,8690
354,0xbb7B8287f3F0a933474a79eAe42CBCa977791171,0xd7E30ae310C1D1800F5B641Baa7af95b2e1FD98C,3499
355,0xd7E30ae310C1D1800F5B641Baa7af95b2e1FD98C,0x5088D623ba0fcf0131E0897a91734A4D83596AA0,5763
356,0x28921e4e2C9d84F4c0f0C0cEb991f45751a0fe93,0x0193d941b50d91BE6567c7eE1C0Fe7AF498b4137,6454
357,0x28921e4e2C9d84F4c0f0C0cEb991f45751a0fe93,0x10C3eedde6fBda160041f479fCaf26bb38316fCd,2584
358,0xbb7B8287f3F0a933474a79eAe42CBCa977791171,0xbb7B8287f3F0a933474a79eAe42CBCa977791171,44
359,0xbb7B8287f3F0a933474a79eAe42CBCa977791171,0xc8ebccC5F5689Fa8659d83713341e5aD19349448,3978
360,0xbb7B8287f3F0a933474a79eAe42CBCa977791171,0xbb7B8287f3F0a933474a79eAe42CBCa977791171,3157
361,0xbb7B8287f3F0a933474a79eAe42CBCa977791171,0xd7E30ae310C1D1800F5B641Baa7af95b2e1FD98C,3119
362,0x2F85B3bF062769b2A2672200aFb21e3F4067a86d,0x0000000000000000000000000000000000000000,7615
363,0x2F85B3bF062769b2A2672200aFb21e3F4067a86d,0xbb7B8287f3F0a933474a79eAe42CBCa977791171,4569
364,0xbb7B8287f3F0a933474a79eAe42CBCa977791171,0xbb7B8287f3F0a933474a79eAe42CBCa977791171,8803
365,0x0193d941b50d91BE6567c7eE1C0Fe7AF498b4137,0x28921e4e2C9d84F4c0f0C0cEb991f45751a0fe93,7359
366,0x28921e4e2C9d84F4c0f0C0cEb991f45751a0fe93,0x28921e4e2C9d84F4c0f0C0cEb991f45751a0fe93,8004
367,0xbb7B8287f3F0a933474a79eAe42CBCa977791171,0x20c6Efe179C293690A5B3375F5bd81c2f07Ed037,4806
368,0xbb7B8287f3F0a933474a79eAe42CBCa977791171,0xd7E30ae310C1D1800F5B641Baa7af95b2e1FD98C,8199
369,0xdd2F1e6e498202e86D8f5442Af596580A4f03c2C,0xc8ebccC5F5689Fa8659d83713341e5aD19349448,5213
370,0xbb7B8287f3F0a933474a79eAe42CBCa977791171,0x0193d941b50d91BE6567c7eE1C0Fe7AF498b4137,18
371,0x5088D623ba0fcf0131E0897a91734A4D83596AA0,0xbb7B8287f3F0a933474a79eAe42CBCa977791171,8965
372,0xd7E30ae310C1D1800F5B641Baa7af95b2e1FD98C,0x10C3eedde6fBda160041f479fCaf26bb38316fCd,4124
373,0x0193d941b50d91BE6567c7eE1C0Fe7AF498b4137,0x28921e4e2C9d84F4c0f0C0cEb991f45751a0fe93,1833
374,0x0193d941b50d91BE6567c7eE1C0Fe7AF498b4137,0xc8ebccC5F5689Fa8659d83713341e5aD19349448,7720
375,0xbb7B8287f3F0a933474a79eAe42CBCa977791171,0x1B7047b4338ACf65bE94C1A3e8c5c9338ad7d67C,1173
376,0xbb7B8287f3F0a933474a79eAe42CBCa977791171,0x2F85B3bF062769b2A2672200aFb21e3F4067a86d,9950
377,0xbb7B8287f3F0a933474a79eAe42CBCa977791171,0x0000000000000000000000000000000000000000,2545
378,0xbb7B8287f3F0a933474a79eAe42CBCa977791171,0x20c6Efe179C293690A5B3375F5bd81c2f07Ed037,3015
379,0x10C3eedde6fBda160041f479fCaf26bb38316fCd,0xdd2F1e6e498202e86D8f5442Af596580A4f03c2C,6259
380,0x28921e4e2C9d84F4c0f0C0cEb991f45751a0fe93,0xd7E30ae310C1D1800F5B641Baa7af95b2e1FD98C,4951
381,0xdd2F1e6e498202e86D8f5442Af596580A4f03c2C,0xbb7B8287f3F0a933474a79eAe42CBCa977791171,8300
382,0xbb7B8287f3F0a933474a79eAe42CBCa977791171,0xd7E30ae310C1D1800F5B641Baa7af95b2e1FD98C,5974
383,0xbb7B8287f3F0a933474a79eAe42CBCa977791171,0xbb7B8287f3F0a933474a79eAe42CBCa977791171,9686
384,0x0193d941b50d91BE6567c7eE1C0Fe7AF498b4137,0xbb7B8287f3F0a933474a79eAe42CBCa977791171,4294
385,0xbb7B8287f3F0a933474a79eAe42CBCa977791171,0x0193d941b50d91BE6567c7eE1C0Fe7AF498b4137,2915
386,0x0193d941b50d91BE6567c7eE1C0Fe7AF498b4137,0xbb7B8287f3F0a933474a79eAe42CBCa977791171,906
387,0x10C3eedde6fBda160041f479fCaf26bb38316fCd,0xbb7B8287f3F0a933474a79eAe42CBCa977791171,8134
388,0x10C3eedde6fBda160041f479fCaf26bb38316fCd,0xbb7B8287f3F0a933474a79eAe42CBCa977791171,9818
389,0x20c6Efe179C293690A5B3375F5bd81c2f07Ed037,0x28921e4e2C9d84F4c0f0C0cEb991f45751a0fe93,7238
390,0xc8ebccC5F5689Fa8659d83713341e5aD19349448,0x20c6Efe179C293690A5B3375F5bd81c2f07Ed037,2904
391,0xbb7B8287f3F0a933474a79eAe42CBCa977791171,0x48CD680bb700F6b7DE89Dd9FF4932CcC158c3e05,9579
392,0xbb7B8287f3F0a933474a79eAe42CBCa977791171,0xbb7B8287f3F0a933474a79eAe42CBCa977791171,63
393,0x28921e4e2C9d84F4c0f0C0cEb991f45751a0fe93,0x2F85B3bF062769b2A2672200aFb21e3F4067a86d,1838
394,0xd7E30ae310C1D1800F5B641Baa7af95b2e1FD98C,0x48CD680bb700F6b7DE89Dd9FF4932CcC158c3e05,5476
395,0xbb7B8287f3F0a933474a79eAe42CBCa977791171,0xbb7B8287f3F0a933474a79eAe42CBCa977791171,7000
396,0xd7E30ae310C1D1800F5B641Baa7af95b2e1FD98C,0xbb7B8287f3F0a933474a79eAe42CBCa977791171,6832
397,0xbb7B8287f3F0a933474a79eAe42CBCa977791171,0xbb7B8287f3F0a933474a79eAe42CBCa977791171,9482
398,0xbb7B8287f3F0a933474a79eAe42CBCa977791171,0xbb7B8287f3F0a933474a79eAe42CBCa977791171,7841
399,0x05a56E2D52c817161883f50c441c3228CFe54d9f,0xd7E30ae310C1D1800F5B641Baa7af95b2e1FD98C,2512
400,0xbb7B8287f3F0a933474a79eAe42CBCa977791171,0x10C3eedde6fBda160041f479fCaf26bb38316fCd,6517
401,0x48CD680bb700F6b7DE89Dd9FF4932CcC158c3e05,0xbb7B8287f3F0a933474a79eAe42CBCa977791171,6425
402,0xbb7B8287f3F0a933474a79eAe42CBCa977791171,0xbb7B8287f3F0a933474a79eAe42CBCa977791171,2816
403,0xbb7B8287f3F0a933474a79eAe42CBCa977791171,0xacc8dECDFDCbed202B8632947c60487494F5D2c7,8493
404,0x1B7047b4338ACf65bE94C1A3e8c5c9338ad7d67C,0x0193d941b50d91BE6567c7eE1C0Fe7AF498b4137,8084
405,0x20c6Efe179C293690A5B3375F5bd81c2f07Ed037,0x28921e4e2C9d84F4c0f0C0cEb991f45751a0fe93,9210
406,0xc8ebccC5F5689Fa8659d83713341e5aD19349448,0xbb7B8287f3F0a933474a79eAe42CBCa977791171,7782
407,0xbb7B8287f3F0a933474a79eAe42CBCa977791171,0xbb7B8287f3F0a933474a79eAe42CBCa977791171,3303
408,0x0193d941b50d91BE6567c7eE1C0Fe7AF498b4137,0xd7E30ae310C1D1800F5B641Baa7af95b2e1FD98C,977
409,0xdd2F1e6e498202e86D8f5442Af596580A4f03c2C,0xbb7B8287f3F0a933474a79eAe42CBCa977791171,7016
410,0x05a56E2D52c817161883f50c441c3228CFe54d9f,0x0193d941b50d91BE6567c7eE1C0Fe7AF498b4137,4073
411,0x0193d941b50d91BE6567c7eE1C0Fe7AF498b4137,0x10C3eedde6fBda160041f479fCaf26bb38316fCd,4235
412,0x0193d941b50d91BE6567c7eE1C0Fe7AF498b4137,0xbb7B8287f3F0a933474a79eAe42CBCa977791171,5050
413,0x0000000000000000000000000000000000000000,0xbb7B8287f3F0a933474a79eAe42CBCa977791171,4603
414,0xd7E30ae310C1D1800F5B641Baa7af95b2e1FD98C,0xbb7B8287f3F0a933474a79eAe42CBCa977791171,3319
415,0x5088D623ba0fcf0131E0897a91734A4D83596AA0,0x48CD680bb700F6b7DE89Dd9FF4932CcC158c3e05,7375
416,0x2F85B3bF062769b2A2672200aFb21e3F4067a86d,0x28921e4e2C9d84F4c0f0C0cEb991f45751a0fe93,9568
417,0x28921e4e2C9d84F4c0f0C0cEb991f45751a0fe93,0x28921e4e2C9d84F4c0f0C0cEb991f45751a0fe93,1310
418,0x1B7047b4338ACf65bE94C1A3e8c5c9338ad7d67C,0x28921e4e2C9d84F4c0f0C0cEb991f45751a0fe93,4943
419,0xc8ebccC5F5689Fa8659d83713341e5aD19349448,0xbb7B8287f3F0a933474a79eAe42CBCa977791171,2097
420,0xbb7B8287f3F0a933474a79eAe42CBCa977791171,0xbb7B8287f3F0a933474a79eAe42CBCa977791171,1101
421,0x28921e4e2C9d84F4c0f0C0cEb991f45751a0fe93,0x5088D623ba0fcf0131E0897a91734A4D83596AA0,3644
422,0x28921e4e2C9d84F4c0f0C0cEb991f45751a0fe93,0x05a56E2D52c817161883f50c441c3228CFe54d9f,2252
423,0xd7E30ae310C1D1800F5B641Baa7af95b2e1FD98C,0xbb7B8287f3F0a933474a79eAe42CBCa977791171,3886
424,0xdd2F1e6e498202e86D8f5442Af596580A4f03c2C,0xc8ebccC5F5689Fa8659d83713341e5aD19349448,9482
425,0xd7E30ae310C1D1800F5B641Baa7af95b2e1FD98C,0xdd2F1e6e498202e86D8f5442Af596580A4f03c2C,3446
426,0xbb7B8287f3F0a933474a79eAe42CBCa977791171,0xdd2F1e6e498202e86D8f5442Af596580A4f03c2C,4149
427,0x0000000000000000000000000000000000000000,0xd7E30ae310C1D1800F5B641Baa7af95b2e1FD98C,3958
428,0xbb7B8287f3F0a933474a79eAe42CBCa977791171,0x28921e4e2C9d84F4c0f0C0cEb991f45751a0fe93,4577
429,0x28921e4e2C9d84F4c0f0C0cEb991f45751a0fe93,0xbb7B8287f3F0a933474a79eAe42CBCa977791171,3009
430,0xbb7B8287f3F0a933474a79eAe42CBCa977791171,0xbb7B8287f3F0a933474a79eAe42CBCa977791171,7849
431,0x20c6Efe179C293690A5B3375F5bd81c2f07Ed037,0xacc8dECDFDCbed202B8632947c60487494F5D2c7,9783
432,0xd7E30ae310C1D1800F5B641Baa7af95b2e1FD98C,0x28921e4e2C9d84F4c0f0C0cEb991f45751a0fe93,6514
433,0xacc8dECDFDCbed202B8632947c60487494F5D2c7,0xbb7B8287f3F0a933474a79eAe42CBCa977791171,4701
434,0x0000000000000000000000000000000000000000,0x0193d941b50d91BE6567c7eE1C0Fe7AF498b4137,7058
435,0x1B7047b4338ACf65bE94C1A3e8c5c9338ad7d67C,0xbb7B8287f3F0a933474a79eAe42CBCa977791171,6190
436,0xbb7B8287f3F0a933474a79eAe42CBCa977791171,0xbb7B8287f3F0a933474a79eAe42CBCa977791171,5408
437,0x0193d941b50d91BE6567c7eE1C0Fe7AF498b4137,0x5088D623ba0fcf0131E0897a91734A4D83596AA0,6421
438,0xdd2F1e6e498202e86D8f5442Af596580A4f03c2C,0xd7E30ae310C1D1800F5B641Baa7af95b2e1FD98C,5084
439,0xdd2F1e6e498202e86D8f5442Af596580A4f03c2C,0xbb7B8287f3F0a933474a79eAe42CBCa977791171,8043
440,0xbb7B8287f3F0a933474a79eAe42CBCa977791171,0xbb7B8287f3F0a933474a79eAe42CBCa977791171,9183
441,0x0000000000000000000000000000000000000000,0xbb7B8287f3F0a933474a79eAe42CBCa977791171,6929
442,0xd7E30ae310C1D1800F5B641Baa7af95b2e1FD98C,0x28921e4e2C9d84F4c0f0C0cEb991f45751a0fe93,6031
443,0xbb7B8287f3F0a933474a79eAe42CBCa977791171,0xacc8dECDFDCbed202B8632947c60487494F5D2c7,354
444,0x0193d941b50d91BE6567c7eE1C0Fe7AF498b4137,0x0000000000000000000000000000000000000000,2486
445,0xbb7B8287f3F0a933474a79eAe42CBCa977791171,0x48CD680bb700F6b7DE89Dd9FF4932CcC158c3e05,6016
446,0xbb7B8287f3F0a933474a79eAe42CBCa977791171,0xbb7B8287f3F0a933474a79eAe42CBCa977791171,2711
447,0xc8ebccC5F5689Fa8659d83713341e5aD19349448,0xbb7B8287f3F0a933474a79eAe42CBCa977791171,3279
448,0xbb7B8287f3F0a933474a79eAe42CBCa977791171,0x48CD680bb700F6b7DE89Dd9FF4932CcC158c3e05,8766
449,0x48CD680bb700F6b7DE89Dd9FF4932CcC158c3e05,0xbb7B8287f3F0a933474a79eAe42CBCa977791171,486
450,0x20c6Efe179C293690A5B3375F5bd81c2f07Ed037,0xc8ebccC5F5689Fa8659d83713341e5aD19349448,7447
451,0x28921e4e2C9d84F4c0f0C0cEb991f45751a0fe93,0xbb7B8287f3F0a933474a79eAe42CBCa977791171,1474
452,0xc8ebccC5F5689Fa8659d83713341e5aD19349448,0xbb7B8287f3F0a933474a79eAe42CBCa977791171,9206
453,0xacc8dECDFDCbed202B8632947c60487494F5D2c7,0xbb7B8287f3F0a933474a79eAe42CBCa977791171,614
454,0x10C3eedde6fBda160041f479fCaf26bb38316fCd,0xdd2F1e6e498202e86D8f5442Af596580A4f03c2C,7591
455,0xbb7B8287f3F0a933474a79eAe42CBCa977791171,0xd7E30ae310C1D1800F5B641Baa7af95b2e1FD98C,9792
456,0xbb7B8287f3F0a933474a79eAe42CBCa977791171,0xbb7B8287f3F0a933474a79eAe42CBCa977791171,1340
457,0xbb7B8287f3F0a933474a79eAe42CBCa977791171,0xbb7B8287f3F0a933474a79eAe42CBCa977791171,5825
458,0x28921e4e2C9d84F4c0f0C0cEb991f45751a0fe93,0xbb7B8287f3F0a933474a79eAe42CBCa977791171,152
459,0xd7E30ae310C1D1800F5B641Baa7af95b2e1FD98C,0xd7E30ae310C1D1800F5B641Baa7af95b2e1FD98C,5765
460,0xbb7B8287f3F0a933474a79eAe42CBCa977791171,0xdd2F1e6e498202e86D8f5442Af596580A4f03c2C,6940
461,0xbb7B8287f3F0a933474a79eAe42CBCa977791171,0x48CD680bb700F6b7DE89Dd9FF4932CcC158c3e05,9235
462,0xbb7B8287f3F0a933474a79eAe42CBCa977791171,0xbb7B8287f3F0a933474a79eAe42CBCa977791171,5157
463,0xbb7B8287f3F0a933474a79eAe42CBCa977791171,0x28921e4e2C9d84F4c0f0C0cEb991f45751a0fe93,6225
464,0xd7E30ae310C1D1800F5B641Baa7af95b2e1FD98C,0xbb7B8287f3F0a933474a79eAe42CBCa977791171,2108
465,0x0193d941b50d91BE6567c7eE1C0Fe7AF498b4137,0xacc8dECDFDCbed202B8632947c60487494F5D2c7,7973
466,0xbb7B8287f3F0a933474a79eAe42CBCa977791171,0xbb7B8287f3F0a933474a79eAe42CBCa977791171,4857
467,0xbb7B8287f3F0a933474a79eAe42CBCa977791171,0x0000000000000000000000000000000000000000,4384
468,0xbb7B8287f3F0a933474a79eAe42CBCa977791171,0xbb7B8287f3F0a933474a79eAe42CBCa977791171,6056
469,0x48CD680bb700F6b7DE89Dd9FF4932CcC158c3e05,0x5088D623ba0fcf0131E0897a91734A4D83596AA0,9968
470,0xbb7B8287f3F0a933474a79eAe42CBCa977791171,0x28921e4e2C9d84F4c0f0C0cEb991f45751a0fe93,6413
471,0xbb7B8287f3F0a933474a79eAe42CBCa977791171,0xc8ebccC5F5689Fa8659d83713341e5aD19349448,9989
472,0xbb7B8287f3F0a933474a79eAe42CBCa977791171,0x28921e4e2C9d84F4c0f0C0cEb991f45751a0fe93,5458
473,0xbb7B8287f3F0a933474a79eAe42CBCa977791171,0xd7E30ae310C1D1800F5B641Baa7af95b2e1FD98C,9415
474,0xbb7B8287f3F0a933474a79eAe42CBCa977791171,0x05a56E2D52c817161883f50c441c3228CFe54d9f,9720
475,0x48CD680bb700F6b7DE89Dd9FF4932CcC158c3e05,0x2F85B3bF062769b2A2672200aFb21e3F4067a86d,9989
476,0xbb7B8287f3F0a933474a79eAe42CBCa977791171,0xbb7B8287f3F0a933474a79eAe42CBCa977791171,4596
477,0xbb7B8287f3F0a933474a79eAe42CBCa977791171,0xdd2F1e6e498202e86D8f5442Af596580A4f03c2C,4018
478,0xd7E30ae310C1D1800F5B641Baa7af95b2e1FD98C,0x10C3eedde6fBda160041f479fCaf26bb38316fCd,5590
479,0xbb7B8287f3F0a933474a79eAe42CBCa977791171,0xbb7B8287f3F0a933474a79eAe42CBCa977791171,7834
480,0xbb7B8287f3F0a933474a79eAe42CBCa977791171,0xbb7B8287f3F0a933474a79eAe42CBCa977791171,9345
481,0x48CD680bb700F6b7DE89Dd9FF4932CcC158c3e05,0xacc8dECDFDCbed202B8632947c60487494F5D2c7,6760
482,0x28921e4e2C9d84F4c0f0C0cEb991f45751a0fe93,0xdd2F1e6e498202e86D8f5442Af596580A4f03c2C,1495
483,0x10C3eedde6fBda160041f479fCaf26bb38316fCd,0x48CD680bb700F6b7DE89Dd9FF4932CcC158c3e05,5442
484,0x28921e4e2C9d84F4c0f0C0cEb991f45751a0fe93,0xbb7B8287f3F0a933474a79eAe42CBCa977791171,7473
485,0xd7E30ae310C1D1800F5B641Baa7af95b2e1FD98C,0xbb7B8287f3F0a933474a79eAe42CBCa977791171,1449
486,0x0193d941b50d91BE6567c7eE1C0Fe7AF498b4137,0x20c6Efe179C293690A5B3375F5bd81c2f07Ed037,4651
487,0x10C3eedde6fBda160041f479fCaf26bb38316fCd,0x0193d941b50d91BE6567c7eE1C0Fe7AF498b4137,5218
488,0xbb7B8287f3F0a933474a79eAe42CBCa977791171,0x28921e4e2C9d84F4c0f0C0cEb991f45751a0fe93,4866
489,0xbb7B8287f3F0a933474a79eAe42CBCa977791171,0xbb7B8287f3F0a933474a79eAe42CBCa977791171,7267
490,0xbb7B8287f3F0a933474a79eAe42CBCa977791171,0x1B7047b4338ACf65bE94C1A3e8c5c9338ad7d67C,8610
491,0xbb7B8287f3F0a933474a79eAe42CBCa977791171,0xd7E30ae310C1D1800F5B641Baa7af95b2e1FD98C,1320
492,0xdd2F1e6e498202e86D8f5442Af596580A4f03c2C,0xbb7B8287f3F0a933474a79eAe42CBCa977791171,4122
493,0xd7E30ae310C1D1800F5B641Baa7af95b2e1FD98C,0xc8ebccC5F5689Fa8659d83713341e5aD19349448,6141
494,0x1B7047b4338ACf65bE94C1A3e8c5c9338ad7d67C,0xbb7B8287f3F0a933474a79eAe42CBCa977791171,9313
495,0xbb7B8287f3F0a933474a79eAe42CBCa977791171,0xbb7B8287f3F0a933474a79eAe42CBCa977791171,7564
496,0xbb7B8287f3F0a933474a79eAe42CBCa977791171,0x28921e4e2C9d84F4c0f0C0cEb991f45751a0fe93,4174
497,0x28921e4e2C9d84F4c0f0C0cEb991f45751a0fe93,0xbb7B8287f3F0a933474a79eAe42CBCa977791171,9454
498,0xacc8dECDFDCbed202B8632947c60487494F5D2c7,0x1B7047b4338ACf65bE94C1A3e8c5c9338ad7d67C,7247
499,0xbb7B8287f3F0a933474a79eAe42CBCa977791171,0xbb7B8287f3F0a933474a79eAe42CBCa977791171,4560
500,0xbb7B8287f3F0a933474a79eAe42CBCa977791171,0xbb7B8287f3F0a933474a79eAe42CBCa977791171,7475
